timestamp,action,value
2026-02-10T20:22:05.959264,save_jobs,"+1 new, ~0 updated"
2026-02-10T20:22:21.482030,save_jobs,"+1 new, ~0 updated"
2026-02-10T20:22:36.678967,save_jobs,"+1 new, ~0 updated"
2026-02-10T20:22:51.833980,save_jobs,"+1 new, ~0 updated"
2026-02-10T20:23:07.042673,save_jobs,"+1 new, ~0 updated"
2026-02-10T20:23:23.495269,save_jobs,"+1 new, ~0 updated"
2026-02-10T20:23:39.200613,save_jobs,"+1 new, ~0 updated"
2026-02-10T20:23:56.422743,save_jobs,"+1 new, ~0 updated"
2026-02-10T20:24:11.677008,save_jobs,"+1 new, ~0 updated"
2026-02-10T20:24:27.744796,save_jobs,"+1 new, ~0 updated"
2026-02-10T20:27:29.109142,save_jobs,"+1 new, ~0 updated"
2026-02-10T20:27:44.879696,save_jobs,"+1 new, ~0 updated"
2026-02-10T21:09:27.639324,save_jobs,"+1 new, ~0 updated"
2026-02-10T21:09:43.187073,save_jobs,"+1 new, ~0 updated"
2026-02-10T21:09:58.470465,save_jobs,"+1 new, ~0 updated"
2026-02-10T21:10:14.398141,save_jobs,"+1 new, ~0 updated"
2026-02-10T21:11:10.983534,save_jobs,"+1 new, ~0 updated"
2026-02-10T21:11:26.633151,save_jobs,"+1 new, ~0 updated"
2026-02-10T21:11:42.270877,save_jobs,"+1 new, ~0 updated"
2026-02-10T21:22:43.856521,save_jobs,"+1 new, ~0 updated"
2026-02-10T21:22:58.638788,save_jobs,"+1 new, ~0 updated"
2026-02-10T21:23:20.510531,save_jobs,"+1 new, ~0 updated"
2026-02-10T21:55:05.064063,save_jobs,"+1 new, ~0 updated"
2026-02-10T22:10:08.731244,save_jobs,"+1 new, ~0 updated"
2026-02-10T22:22:13.428698,save_jobs,"+1 new, ~0 updated"
2026-02-10T22:26:14.933716,save_jobs,"+0 new, ~1 updated"
2026-02-10T22:38:43.760271,save_jobs,"+1 new, ~0 updated"
2026-02-10T23:20:19.877517,save_jobs,"+1 new, ~0 updated"
2026-02-10T23:20:34.769427,save_jobs,"+1 new, ~0 updated"
2026-02-10T23:20:54.552999,save_jobs,"+1 new, ~0 updated"
2026-02-10T23:52:38.274475,save_jobs,"+1 new, ~0 updated"
2026-02-10T23:56:04.551186,save_jobs,"+1 new, ~0 updated"
2026-02-10T23:56:19.890499,save_jobs,"+1 new, ~0 updated"
2026-02-10T23:56:35.135650,save_jobs,"+1 new, ~0 updated"
